﻿Designator,Footprint,Quantity,Value,LCSC Part #
"C1, C10, C11, C3, C4, C5, C6, C8, C9",0402,9,100nF,
"C12, C20",0402,2,C,
"C13, C15",0402,2,6.8nF,
"C14, C18, C7",0402,3,10nF,
"C16, C17",0402,2,18pF,
C19,0402,1,4.7µF - CL05A475MP5NRNC,
C2,CP_Elec_3x5.4,1,C_Polarized_Small,
D1,D_SMB,1,SM6T6V8A,
D2,D_MicroMELF,1,BAV303,
D3,D_SMA,1,B230A-13-F,
D4,D_SMA,1,MRA4003T3G,
D5,0603,1,LED,
F1,0154250DR littelfuse 10.62 3.81,1,Fuse 3A,
J1,"PhoenixContact_MCV_1,5_2-G-3.5_1x02_P3.50mm_Vertical",1,POWER_INPUT,
"J10, J11, J12, J13, J6, J7, J8, J9","PhoenixContact_MCV_1,5_3-G-3.5_1x03_P3.50mm_Vertical",8,Screw_Terminal_01x03,
"J14, J15","PhoenixContact_MCV_1,5_5-G-3.5_1x05_P3.50mm_Vertical",2,Screw_Terminal_01x05,
J16,"PhoenixContact_MCV_1,5_4-G-3.5_1x04_P3.50mm_Vertical",1,analog_input/1wire,
J2,USB_C_Receptacle_G-Switch_GT-USB-7051x,1,GT-USB-7051A,
J3,Molex_54548-1071_1x10-1MP_P0.5mm_Horizontal,1,LCD/BP,
J4,RJ12_Amphenol_54601-x06_Horizontal,1,RJ12,
J5,RJ45_Hanrun_HR911105A_Horizontal,1,HR911105A,
"JP1, JP2",PinHeader_1x02_P2.54mm_Vertical,2,Jumper_2_Bridged,
"KM1, KM2, KM3, KM4, KM5, KM6, KM7, KM8",Relay_SPDT_Schrack-RP-II-1-FormC_RM3.5mm,8,Relay_SPDT_Latching_1coil,
Q1,SOIC127P1030X245-18N,1,TBD62083AFG_EL,
"R1, R2, R6",0402,3,10k,
"R10, R11, R13, R9",0402,4,49.9,
"R12, R33, R34",0402,3,10,
"R14, R7, R8",0402,3,1k,
R15,0402,1,1M,
R16,0402,1,12.4k 1%,
"R17, R18, R19, R20, R25, R26, R27, R28",0805,8,2.2k,
"R21, R22, R23, R24, R29, R3, R30, R31, R32, R5",0402,10,4k7,
R4,0402,1,680,
SW1,SW_Tactile_SPST_NO_Straight_CK_PTS636Sx25SMTRLFS,1,SW_Push,
U1,TO-263-3_TabPin2,1,MC7805BD2TR4G,
U2,ESP32-S3-WROOM-1,1,ESP32-S3-WROOM-1-N4,
U3,TO-252-2,1,LF33CDT-TR,
U4,HVQFN-24-1EP_4x4mm_P0.5mm_EP2.6x2.6mm_ThermalVias,1,MCP23018x-x-MJ,
U5,LQFP-48_7x7mm_P0.5mm,1,W5500,
"U6, U7",SOP-16_4.4x10.4mm_P1.27mm,2,TCMT4100,
Y1,Crystal_SMD_2016-4Pin_2.0x1.6mm,1,X201625MOB4SI - 25Mhz,
